<?xml version="1.0" encoding="UTF-8"?>
<project-private xmlns="http://www.netbeans.org/ns/project-private/1">
    <editor-bookmarks xmlns="http://www.netbeans.org/ns/editor-bookmarks/2" lastBookmarkId="0"/>
    <open-files xmlns="http://www.netbeans.org/ns/projectui-open-files/2">
        <group>
            <file>file:/D:/xamp/htdocs/config.php</file>
            <file>file:/D:/xamp/htdocs/sitemap.html</file>
            <file>file:/D:/xamp/htdocs/wordpress/wp-comments-post.php</file>
            <file>file:/D:/xamp/htdocs/amp/index.php</file>
            <file>file:/D:/xamp/htdocs/include/logo.php</file>
            <file>file:/D:/xamp/htdocs/amp/pages/post.php</file>
            <file>file:/D:/xamp/htdocs/amp/pages/404.php</file>
            <file>file:/D:/xamp/htdocs/include/post_all.php</file>
            <file>file:/D:/xamp/htdocs/admin/template.htm</file>
            <file>file:/D:/xamp/htdocs/include/meta.php</file>
            <file>file:/D:/xamp/htdocs/include/SiteManager.class.php</file>
            <file>file:/D:/xamp/htdocs/.htaccess</file>
            <file>file:/D:/xamp/htdocs/template.htm</file>
            <file>file:/D:/xamp/htdocs/wordpress/wp-config.php</file>
            <file>file:/D:/xamp/htdocs/amp/template.htm</file>
        </group>
    </open-files>
</project-private>
