<?xml version="1.0" encoding="utf-8"?>
<listings>
<listing><time>1553062571</time><blog_category/><title>shovon</title><description1>&lt;p&gt;sedrftgh&lt;/p&gt;&lt;p&gt;&lt;br&gt;&lt;/p&gt;</description1><images/></listing><listing><time>1553859805</time><blog_category/><title>shovon</title><description1>&lt;p&gt;vgbhnjmk&lt;/p&gt;</description1><images/></listing><listing><time>1554560953</time><blog_category/><title>shovon</title><description1><![CDATA[<p>cccccccccc</p>]]></description1><images/></listing></listings>
