<?xml version="1.0" encoding="utf-8"?>
<listings>
		<listing><time>1554560532</time><title>minar@ee</title></listing><listing><time>1554560568</time><title>minar@ee</title></listing><listing><time>1554560591</time><title>minar@ee</title></listing><listing><time>1554560620</time><title>minar@ee</title></listing><listing><time>1554560676</time><title>minar@ee</title></listing><listing><time>1554560696</time><title>minar@ee</title></listing><listing><time>1554560718</time><title>minar@ee</title></listing><listing><time>1554560724</time><title>minar@ee</title></listing><listing><time>1554560768</time><title>minar@ee</title></listing><listing><time>1554560774</time><title>minar@ee</title></listing><listing><time>1554560806</time><title>minar@ee</title></listing><listing><time>1554560819</time><title>minar@eeaaa</title></listing><listing><time>1554560882</time><title>minar@eeaaa</title></listing><listing><time>1554561177</time><title>minar@ee</title></listing><listing><time>1554613438</time><title>minar@ee</title></listing><listing><time>1554641426</time><title>minar@ee</title></listing><listing><time>1554641458</time><title>minar@eesdfgh</title></listing><listing><time>1554641512</time><title>minar@eesdfgh</title></listing></listings>
