<?xml version="1.0" encoding="utf-8"?>
<blog>
	<information>
		<footer_text>&lt;a href="../page-contact.html" class="link1"&gt;contact us&lt;/a&gt;/&lt;a href="../page-privacy.html"&gt;privacy&lt;/a&gt;/&lt;a href="../page-disclaimer.html"&gt;disclaimer&lt;/a&gt;/&lt;a href="../page-about.html"&gt;about-us&lt;/a&gt;/&lt;a href="../sitemap.html"&gt;site-map&lt;/a&gt;&#13;
&lt;br&gt;&#13;
&lt;h1 style='color:white'&gt;&#13;
© 2018 Textparagraph.tk&lt;/h1&gt;</footer_text>
		<default_title>WElcome to textparagraph</default_title>
                <default_description>The Taxxxxxxxxxxxxxxxxxj is aldddddddddso known as “the Taj” .It is white marble tomb located in India .Do you kndddddddddddddddddow the story behindxx bdhhd the Taj Mahal ?The Mughal emperor ,Shah Jahan loved his wife Mumtaz Mahal more than his life .mumtaz died at an early age .Shah jahan was shocked at her death .So he built the TajMahal. my name is shovon </default_description>
		<default_keywords>tajmahal,the,something,vs,orbit,and,funny&#13;
</default_keywords>
		
	<css></css>
        <disclaimer>&lt;div class="w3-container"&gt;&lt;q&gt;Last updated: October 19, 2018&lt;/q&gt;&lt;br /&gt;&#13;
&lt;br /&gt;&#13;
The information contained on http://intra.tk website (the &amp;quot;Service&amp;quot;) is for general information purposes only.&lt;br /&gt;&#13;
&lt;br /&gt;&#13;
Intra assumes no responsibility for errors or omissions in the contents on the Service.&lt;br /&gt;&#13;
&lt;br /&gt;&#13;
In no event shall Intra be liable for any special, direct, indirect, consequential, or incidental damages or any damages whatsoever, whether in an action of contract, negligence or other tort, arising out of or in connection with the use of the Service or the contents of the Service. Intra reserves the right to make additions, deletions, or modification to the contents on the Service at any time without prior notice. This Disclaimer for Intra is managed by [the Disclaimer Generator](https://termsfeed.com/disclaimer/generator/)&lt;br /&gt;&#13;
&lt;br /&gt;&#13;
Intra does not warrant that the website is free of viruses or other harmful components.&lt;br /&gt;&#13;
&amp;nbsp;&lt;/div&gt;&#13;
</disclaimer><about>&lt;div class="w3-border w3-border-indigo w3-center w3-light-grey w3-panel"&gt;&#13;
&lt;h1&gt;We Know The Writings And We Blog On It&lt;/h1&gt;&#13;
&lt;/div&gt;&#13;
&#13;
&lt;div class="w3-border w3-border-indigo w3-justify w3-light-grey w3-panel"&gt;&#13;
&lt;p&gt;At our website there is a better way to learn and extend your knowledge.Our mission is to help student in free.&lt;/p&gt;&#13;
&lt;/div&gt;&#13;
&#13;
&lt;div class="w3-border w3-border-indigo w3-light-grey w3-panel"&gt;&#13;
&lt;p&gt;Our Founding&lt;/p&gt;&#13;
&#13;
&lt;p&gt;Paravolt was founded by MINAR .It was started to blog about paragraph to help student via online&lt;/p&gt;&#13;
&lt;/div&gt;&#13;
</about><terms>&lt;div class="w3-container"&gt;&#13;
&lt;blockquote&gt;&#13;
&lt;h1&gt;hi&amp;nbsp;&lt;/h1&gt;&#13;
&lt;/blockquote&gt;&#13;
&lt;/div&gt;&#13;
</terms><favicon></favicon><meta></meta><ad></ad><asn></asn><simage></simage><script1></script1><script2></script2><script3></script3><webname>1234567</webname><carousal></carousal><title>ffff</title><privacy>&lt;p&gt;Effective date: May 24, 2018&lt;br /&gt;&#13;
&lt;br /&gt;&#13;
Intra (&amp;quot;us&amp;quot;, &amp;quot;we&amp;quot;, or &amp;quot;our&amp;quot;) operates the http://www.intra.tk website (the &amp;quot;Service&amp;quot;).&lt;br /&gt;&#13;
&lt;br /&gt;&#13;
We use your data to provide and improve the Service. By using the Service, you agree to the collection and use of information in accordance with this policy. Unless otherwise defined in this Privacy Policy, terms used in this Privacy Policy have the same meanings as in our Terms and Conditions, accessible from http://www.intra.tk&lt;br /&gt;&#13;
&lt;br /&gt;&#13;
Information Collection And Use -----------------------&lt;br /&gt;&#13;
&lt;br /&gt;&#13;
We collect several different types of information for various purposes to provide and improve our Service to you.&lt;br /&gt;&#13;
&lt;br /&gt;&#13;
Types of Data Collected ~~~~~~~~~~~~~~~&lt;br /&gt;&#13;
&lt;br /&gt;&#13;
Personal Data *************&lt;br /&gt;&#13;
&lt;br /&gt;&#13;
While using our Service, we may ask you to provide us with certain personally identifiable information that can be used to contact or identify you (&amp;quot;Personal Data&amp;quot;). Personally identifiable information may include, but is not limited to:&lt;br /&gt;&#13;
&lt;br /&gt;&#13;
* Cookies and Usage Data&lt;br /&gt;&#13;
&lt;br /&gt;&#13;
Usage Data **********&lt;br /&gt;&#13;
&lt;br /&gt;&#13;
We may also collect information how the Service is accessed and used (&amp;quot;Usage Data&amp;quot;). This Usage Data may include information such as your computer&amp;#39;s Internet Protocol address (e.g. IP address), browser type, browser version, the pages of our Service that you visit, the time and date of your visit, the time spent on those pages, unique device identifiers and other diagnostic data.&lt;br /&gt;&#13;
&lt;br /&gt;&#13;
Tracking &amp;amp; Cookies Data ************&lt;br /&gt;&#13;
&lt;br /&gt;&#13;
We use cookies and similar tracking technologies to track the activity on our Service and hold certain information.&lt;br /&gt;&#13;
&lt;br /&gt;&#13;
Cookies are files with small amount of data which may include an anonymous unique identifier. Cookies are sent to your browser from a website and stored on your device. Tracking technologies also used are beacons, tags, and scripts to collect and track information and to improve and analyze our Service.&lt;br /&gt;&#13;
&lt;br /&gt;&#13;
You can instruct your browser to refuse all cookies or to indicate when a cookie is being sent. However, if you do not accept cookies, you may not be able to use some portions of our Service.&lt;br /&gt;&#13;
&lt;br /&gt;&#13;
Examples of Cookies we use:&lt;br /&gt;&#13;
&lt;br /&gt;&#13;
* Session Cookies. We use Session Cookies to operate our Service. * Preference Cookies. We use Preference Cookies to remember your preferences and various settings. * Security Cookies. We use Security Cookies for security purposes.&lt;br /&gt;&#13;
&lt;br /&gt;&#13;
Use of Data -----------&lt;br /&gt;&#13;
&lt;br /&gt;&#13;
Intra uses the collected data for various purposes: * To provide and maintain the Service * To notify you about changes to our Service * To allow you to participate in interactive features of our Service when you choose to do so * To provide customer care and support * To provide analysis or valuable information so that we can improve the Service * To monitor the usage of the Service * To detect, prevent and address technical issues&lt;br /&gt;&#13;
&lt;br /&gt;&#13;
Transfer Of Data ----------------&lt;br /&gt;&#13;
&lt;br /&gt;&#13;
Your information, including Personal Data, may be transferred to &amp;mdash; and maintained on &amp;mdash; computers located outside of your state, province, country or other governmental jurisdiction where the data protection laws may differ than those from your jurisdiction.&lt;br /&gt;&#13;
&lt;br /&gt;&#13;
If you are located outside Bangladesh and choose to provide information to us, please note that we transfer the data, including Personal Data, to Bangladesh and process it there.&lt;br /&gt;&#13;
&lt;br /&gt;&#13;
Your consent to this Privacy Policy followed by your submission of such information represents your agreement to that transfer.&lt;br /&gt;&#13;
&lt;br /&gt;&#13;
Intra will take all steps reasonably necessary to ensure that your data is treated securely and in accordance with this Privacy Policy and no transfer of your Personal Data will take place to an organization or a country unless there are adequate controls in place including the security of your data and other personal information.&lt;br /&gt;&#13;
&lt;br /&gt;&#13;
Disclosure Of Data ------------------&lt;br /&gt;&#13;
&lt;br /&gt;&#13;
Legal Requirements ~~~~~~~~~~~~~~~~~~&lt;br /&gt;&#13;
&lt;br /&gt;&#13;
Intra may disclose your Personal Data in the good faith belief that such action is necessary to:&lt;br /&gt;&#13;
&lt;br /&gt;&#13;
* To comply with a legal obligation * To protect and defend the rights or property of Intra * To prevent or investigate possible wrongdoing in connection with the Service * To protect the personal safety of users of the Service or the public * To protect against legal liability&lt;br /&gt;&#13;
&lt;br /&gt;&#13;
Security Of Data ----------------&lt;br /&gt;&#13;
&lt;br /&gt;&#13;
The security of your data is important to us, but remember that no method of transmission over the Internet, or method of electronic storage is 100% secure. While we strive to use commercially acceptable means to protect your Personal Data, we cannot guarantee its absolute security.&lt;br /&gt;&#13;
&lt;br /&gt;&#13;
Service Providers -----------------&lt;br /&gt;&#13;
&lt;br /&gt;&#13;
We may employ third party companies and individuals to facilitate our Service (&amp;quot;Service Providers&amp;quot;), to provide the Service on our behalf, to perform Service-related services or to assist us in analyzing how our Service is used.&lt;br /&gt;&#13;
&lt;br /&gt;&#13;
These third parties have access to your Personal Data only to perform these tasks on our behalf and are obligated not to disclose or use it for any other purpose.&lt;br /&gt;&#13;
&lt;br /&gt;&#13;
Analytics ~~~~~~~~~&lt;br /&gt;&#13;
&lt;br /&gt;&#13;
We may use third-party Service Providers to monitor and analyze the use of our Service.&lt;br /&gt;&#13;
&lt;br /&gt;&#13;
* google analytics&lt;br /&gt;&#13;
&lt;br /&gt;&#13;
Links To Other Sites -----------------&lt;br /&gt;&#13;
&lt;br /&gt;&#13;
Our Service may contain links to other sites that are not operated by us. If you click on a third party link, you will be directed to that third party&amp;#39;s site. We strongly advise you to review the Privacy Policy of every site you visit.&lt;br /&gt;&#13;
&lt;br /&gt;&#13;
We have no control over and assume no responsibility for the content, privacy policies or practices of any third party sites or services.&lt;br /&gt;&#13;
&lt;br /&gt;&#13;
Children&amp;#39;s Privacy ------------------&lt;br /&gt;&#13;
&lt;br /&gt;&#13;
Our Service does not address anyone under the age of 18 (&amp;quot;Children&amp;quot;).&lt;br /&gt;&#13;
&lt;br /&gt;&#13;
We do not knowingly collect personally identifiable information from anyone under the age of 18. If you are a parent or guardian and you are aware that your Children has provided us with Personal Data, please contact us. If we become aware that we have collected Personal Data from children without verification of parental consent, we take steps to remove that information from our servers.&lt;br /&gt;&#13;
&lt;br /&gt;&#13;
Changes To This Privacy Policy ------------------------------&lt;br /&gt;&#13;
&lt;br /&gt;&#13;
We may update our Privacy Policy from time to time. We will notify you of any changes by posting the new Privacy Policy on this page.&lt;br /&gt;&#13;
&lt;br /&gt;&#13;
We will let you know via email and/or a prominent notice on our Service, prior to the change becoming effective and update the &amp;quot;effective date&amp;quot; at the top of this Privacy Policy.&lt;br /&gt;&#13;
&lt;br /&gt;&#13;
You are advised to review this Privacy Policy periodically for any changes. Changes to this Privacy Policy are effective when they are posted on this page.&lt;br /&gt;&#13;
&lt;br /&gt;&#13;
Contact Us ----------&lt;br /&gt;&#13;
&lt;br /&gt;&#13;
If you have any questions about this Privacy Policy, please&lt;a href="index.php?page=contact"&gt; contact us:&lt;/a&gt;&lt;br /&gt;&#13;
&lt;br /&gt;&#13;
* By email: website@intra.tk&lt;/p&gt;&#13;
</privacy><facebook_url></facebook_url><google_url></google_url><twitter_url></twitter_url>
<instagram_url></instagram_url>
<tagline>welcome to my great website</tagline>
<blog_logo>42917500</blog_logo>
<blog_logo_text></blog_logo_text>
<intro_content></intro_content>
<intro_title></intro_title>
<intro_text></intro_text>
<intro_background>90250576</intro_background>
        <domainname>http://localhost/</domainname></information>
</blog>
