<?xml version="1.0" encoding="utf-8"?>
<listings><listing><time>1554642884</time><blog_category>3</blog_category><title>Enable rocket Speed to Your Site</title><keywords>website, speed up</keywords><description>&lt;p style="text-align:center"&gt; &lt;/p&gt;&#13;
&#13;
&lt;p style="text-align:justify"&gt;&lt;span style="font-family:Courier New,Courier,monospace"&gt;&lt;span style="font-size:11px"&gt;&lt;span style="color:#7030a0"&gt;A website owner always try to make his site fast and reliable cause a user don&amp;rsquo;t want to pass time on a slow speed website. So they try to make their site faster as they can. So I&amp;rsquo;ll tell how to make a website fast in different way and you need all these to make a site faster. I&amp;rsquo;ll discuss 10 ways to make site faster.&lt;/span&gt;&lt;/span&gt;&lt;/span&gt;&lt;/p&gt;&#13;
&#13;
&lt;ol&gt;&#13;
	&lt;li style="text-align:justify"&gt;&#13;
	&lt;h1&gt;&lt;span style="font-family:Courier New,Courier,monospace"&gt;&lt;span style="font-size:11px"&gt;&lt;span style="color:#9900cc"&gt;Hosting Plan: &lt;/span&gt;&lt;span style="color:#f16f72"&gt;The entire website has to host on a server that serves the all file of website to the users. So the hosting plan is more important that can make a site faster and reliable. Before choosing a hosting provider you need to research on internet how fast they serve a file. You need to calculate some metrics before choosing a plan like storage and bandwidth.&lt;/span&gt;&lt;/span&gt;&lt;/span&gt;&lt;/h1&gt;&#13;
	&lt;/li&gt;&#13;
&lt;/ol&gt;&#13;
&#13;
&lt;p style="text-align:justify"&gt; &lt;/p&gt;&#13;
&#13;
&lt;ul style="list-style-type:circle"&gt;&#13;
	&lt;li style="text-align:justify"&gt;&lt;span style="font-family:Courier New,Courier,monospace"&gt;&lt;span style="font-size:11px"&gt;&lt;span style="color:#50bc98"&gt;Storage is that how much data you can keep in their server. So first you calculate your scripts size and get the storage. But it doesn&amp;rsquo;t help in page speed&lt;/span&gt;&lt;/span&gt;&lt;/span&gt;&lt;/li&gt;&#13;
&lt;/ul&gt;&#13;
&#13;
&lt;p style="text-align:justify"&gt; &lt;/p&gt;&#13;
&#13;
&lt;ul style="list-style-type:circle"&gt;&#13;
	&lt;li style="text-align:justify"&gt;&lt;span style="font-family:Courier New,Courier,monospace"&gt;&lt;span style="font-size:11px"&gt;&lt;span style="color:#50bc98"&gt;Bandwidth that help in upgrading page speed. You need to know how many bandwidth you need. If your site crosses the limitation of bandwidth then your website will be down or may be slow. Imagine your websites average page size is .03mb and you target to get 50,000 page views monthly then your bandwidth connection should be .03*50,000=1.5 GB.&lt;/span&gt;&lt;/span&gt;&lt;/span&gt;&lt;/li&gt;&#13;
&lt;/ul&gt;&#13;
&#13;
&lt;p&gt; &lt;/p&gt;&#13;
&#13;
&lt;p style="text-align:justify"&gt; &lt;/p&gt;&#13;
&#13;
&lt;ol&gt;&#13;
	&lt;li style="text-align:justify"&gt;&#13;
	&lt;h1&gt;&lt;span style="font-family:Courier New,Courier,monospace"&gt;&lt;span style="font-size:11px"&gt;&lt;span style="color:#9900cc"&gt;Gzip Compression:&lt;/span&gt; &lt;span style="color:#f16f72"&gt;It compresses the entire file hosted on server that reduce the page size and which help to reduce loading time of a website. This can reduce the entire file by 70%. The reason gzip works so well in a web environment is because CSS and HTML file uses lot of white space and this compression remove the whitespace.&lt;/span&gt;&lt;/span&gt;&lt;/span&gt;&lt;/h1&gt;&#13;
	&lt;/li&gt;&#13;
&lt;/ol&gt;&#13;
&#13;
&lt;p style="text-align:justify"&gt; &lt;/p&gt;&#13;
&#13;
&lt;ul style="list-style-type:circle"&gt;&#13;
	&lt;li style="text-align:justify"&gt;&lt;span style="font-family:Courier New,Courier,monospace"&gt;&lt;span style="font-size:11px"&gt;&lt;span style="color:#50bc98"&gt;You can enable GZIP via some code on, htaccess file. Just add the code into .htaccess below&lt;/span&gt;&lt;/span&gt;&lt;/span&gt;&lt;/li&gt;&#13;
&lt;/ul&gt;&#13;
&#13;
&lt;p style="text-align:justify"&gt; &lt;/p&gt;&#13;
&#13;
&lt;p style="text-align:center"&gt; &lt;/p&gt;&#13;
&#13;
&lt;p style="text-align:justify"&gt; &lt;/p&gt;&#13;
&#13;
&lt;ol&gt;&#13;
	&lt;li style="text-align:justify"&gt;&#13;
	&lt;h1&gt;&lt;span style="font-family:Courier New,Courier,monospace"&gt;&lt;span style="font-size:11px"&gt;&lt;span style="color:#9900cc"&gt;Enable Cache: &lt;/span&gt;&lt;span style="color:#f16f72"&gt;Website caching is the most beneficial technology which makes a site fastest than before. If I ask you what is the sum of 5 and 9 you can easily say its 15 and you don&amp;rsquo;t have to use any calculator because the small thing is set in your brain. As like it when a website is visited by a browser then the browser receive the css, js and all images file and load all the time when you refresh on that page or go to another page of that website. But when the caching is turned on then browser automatically save css, js and images file as cached file. So every time when you visit the page then browser don&amp;rsquo;t request the server to get css and js file. It automatically loads the entire file from your computer or device. So you don&amp;rsquo;t ne4ed any server response that reduce maximum load time and that means you have successfully make faster your site.&lt;/span&gt;&lt;/span&gt;&lt;/span&gt;&lt;/h1&gt;&#13;
	&lt;/li&gt;&#13;
&lt;/ol&gt;&#13;
&#13;
&lt;p style="text-align:justify"&gt; &lt;/p&gt;&#13;
&#13;
&lt;ul style="list-style-type:circle"&gt;&#13;
	&lt;li style="text-align:justify"&gt;&lt;span style="font-family:Courier New,Courier,monospace"&gt;&lt;span style="font-size:11px"&gt;&lt;span style="color:#50bc98"&gt;You can also cache the entire file of a wordpress website. You just need to download a plugin and enable it. They are: WP-ROCKET, W3-CACHE. They work better from another.&lt;/span&gt;&lt;/span&gt;&lt;/span&gt;&lt;/li&gt;&#13;
&lt;/ul&gt;&#13;
&#13;
&lt;p style="text-align:justify"&gt; &lt;/p&gt;&#13;
&#13;
&lt;ul style="list-style-type:circle"&gt;&#13;
	&lt;li style="text-align:justify"&gt;&lt;span style="font-family:Courier New,Courier,monospace"&gt;&lt;span style="font-size:11px"&gt;&lt;span style="color:#50bc98"&gt;You can also enable cache on php, html and any type of website by adding some code on .htaccess file.&lt;/span&gt;&lt;/span&gt;&lt;/span&gt;&lt;/li&gt;&#13;
&lt;/ul&gt;&#13;
&#13;
&lt;p&gt; &lt;/p&gt;&#13;
&#13;
&lt;p style="text-align:justify"&gt;&lt;span style="font-family:Courier New,Courier,monospace"&gt;&lt;span style="font-size:11px"&gt;&lt;span style="color:#50bc98"&gt;## EXPIRES CACHING ## ExpiresActive On ExpiresByType image/jpg &amp;quot;access 1 year&amp;quot; ExpiresByType image/jpeg &amp;quot;access 1 year&amp;quot; ExpiresByType image/gif &amp;quot;access 1 year&amp;quot; ExpiresByType image/png &amp;quot;access 1 year&amp;quot; ExpiresByType text/css &amp;quot;access 1 month&amp;quot; ExpiresByType text/html &amp;quot;access 1 month&amp;quot; ExpiresByType application/pdf &amp;quot;access 1 month&amp;quot; ExpiresByType text/x-javascript &amp;quot;access 1 month&amp;quot; ExpiresByType application/x-shockwave-flash &amp;quot;access 1 month&amp;quot; ExpiresByType image/x-icon &amp;quot;access 1 year&amp;quot; ExpiresDefault &amp;quot;access 1 month&amp;quot; ## EXPIRES CACHING ##&lt;/span&gt;&lt;/span&gt;&lt;/span&gt;&lt;/p&gt;&#13;
&#13;
&lt;p&gt; &lt;/p&gt;&#13;
&#13;
&lt;h1 style="text-align:justify"&gt; &lt;/h1&gt;&#13;
&#13;
&lt;ol&gt;&#13;
	&lt;li style="text-align:justify"&gt;&#13;
	&lt;h1&gt;&lt;span style="font-family:Courier New,Courier,monospace"&gt;&lt;span style="font-size:11px"&gt;&lt;span style="color:#9900cc"&gt;CDN (Content Delivery System): &lt;/span&gt;&lt;span style="color:#f16f72"&gt;CDN is a system which delivers the code by calculating user location. You may see many website uses CDN for their js and css file .As example when you visit a website then it serves the css and js file from a server location. Think a server of USA that deliver all the file to user who seeing the website located on USA or BANGLADESH. So generally in USA that site will be faster than BANGLADESH. But if you use a CDN then it will serve the file from the nearest server of Bangladesh and another country. So by this way it makes your site faster according to country to country.&lt;/span&gt;&lt;/span&gt;&lt;/span&gt;&lt;/h1&gt;&#13;
	&lt;/li&gt;&#13;
&lt;/ol&gt;&#13;
&#13;
&lt;p style="text-align:center"&gt; &lt;/p&gt;&#13;
&#13;
&lt;p style="text-align:justify"&gt; &lt;/p&gt;&#13;
&#13;
&lt;p style="text-align:justify"&gt;&lt;span style="font-family:Courier New,Courier,monospace"&gt;&lt;span style="font-size:11px"&gt;&lt;span style="color:#f16f72"&gt;In that picture you easily understand that normal server files travel more distance that&amp;rsquo;s why it take more time but CDN doesn&amp;rsquo;t take much time as it.&lt;/span&gt;&lt;/span&gt;&lt;/span&gt;&lt;/p&gt;&#13;
&#13;
&lt;ol&gt;&#13;
	&lt;li style="text-align:justify"&gt;&#13;
	&lt;h1&gt;&lt;span style="font-family:Courier New,Courier,monospace"&gt;&lt;span style="font-size:11px"&gt;&lt;span style="color:#9900cc"&gt;Optimize Css, Js: &lt;/span&gt;&lt;span style="color:#f16f72"&gt;It is more important for a site to optimize the css and js. It reduces the page size which perfectly reduces page average load time. You can minify js, css file which remove all the space which is unnecessary and it reduce the file size which speed up a website page. All the web developer suggests one to minify their css and js file to reduce load time of page. A javascript file always much heavier than any file which make the site slower. So reduce the size of Js file must speed up your website,&lt;/span&gt;&lt;/span&gt;&lt;/span&gt;&lt;/h1&gt;&#13;
	&lt;/li&gt;&#13;
	&lt;li style="text-align:justify"&gt;&lt;span style="font-family:Courier New,Courier,monospace"&gt;&lt;span style="font-size:11px"&gt;&lt;span style="color:#9900cc"&gt;Pure Coding&lt;/span&gt;&lt;span style="color:#e36c0a"&gt;: &lt;/span&gt;&lt;span style="color:#f16f72"&gt;Pure coding means code in a right way. Like place the rights tag .attribute in right place. If you put title tag after the body then the html validator defines your code is wrong. And some undefined tag may be work but it may be make your site slower and sometimes the tag may not work.&lt;/span&gt;&lt;/span&gt;&lt;/span&gt;&lt;/li&gt;&#13;
&lt;/ol&gt;&#13;
&#13;
&lt;p style="text-align:justify"&gt; &lt;/p&gt;&#13;
&#13;
&lt;ul style="list-style-type:circle"&gt;&#13;
	&lt;li style="text-align:justify"&gt;&lt;span style="font-family:Courier New,Courier,monospace"&gt;&lt;span style="font-size:11px"&gt;&lt;span style="color:#50bc98"&gt;Put the CSS file before the body and inside of head tag and put script like js after the body tag and inside of html tag. If it is not coded on right place then some code may not compiled correctly which make your site slower.&lt;/span&gt;&lt;/span&gt;&lt;/span&gt;&lt;/li&gt;&#13;
&lt;/ul&gt;&#13;
&#13;
&lt;p style="text-align:justify"&gt; &lt;/p&gt;&#13;
&#13;
&lt;ol&gt;&#13;
	&lt;li style="text-align:justify"&gt;&#13;
	&lt;h1&gt;&lt;span style="font-family:Courier New,Courier,monospace"&gt;&lt;span style="font-size:11px"&gt;&lt;span style="color:#9900cc"&gt;Image Use: &lt;/span&gt;&lt;span style="color:#f16f72"&gt;Image is very essential for a good looking site. A user may glad and attract of that site by seeing images. But more images are not good for a site and it changes the mind of a visitor. If there are many images in a page then it will take more time than as usual page load time. And sometime mobile user doesn&amp;rsquo;t want to see more images. So try to use fewer images in a single page.&lt;/span&gt;&lt;/span&gt;&lt;/span&gt;&lt;/h1&gt;&#13;
	&lt;/li&gt;&#13;
&lt;/ol&gt;&#13;
&#13;
&lt;p style="text-align:justify"&gt; &lt;/p&gt;&#13;
&#13;
&lt;ol&gt;&#13;
	&lt;li style="text-align:justify"&gt;&#13;
	&lt;h1&gt;&lt;span style="font-family:Courier New,Courier,monospace"&gt;&lt;span style="font-size:11px"&gt;&lt;span style="color:#9900cc"&gt;AMP: &lt;/span&gt;&lt;span style="color:#f16f72"&gt;AMP stands for accelerated mobile page that accelerate a web page by 75% from regular speed. AMP is an open-source library that provides a straight forward way to create web pages that are compelling, smooth for users .You can create an AMP page for your site which make your site faster, smooth and reliable. You can learn more about AMP from &lt;/span&gt;&lt;a href="http://www.ampproject.org/learn/overview" target="qwe"&gt;&lt;span style="color:#e36c0a"&gt;www.ampproject.org/learn/overview&lt;/span&gt;&lt;/a&gt;&lt;span style="color:#e36c0a"&gt; .&lt;/span&gt;&lt;/span&gt;&lt;/span&gt;&lt;/h1&gt;&#13;
	&lt;/li&gt;&#13;
	&lt;li style="text-align:justify"&gt;&#13;
	&lt;h1&gt;&lt;span style="font-family:Courier New,Courier,monospace"&gt;&lt;span style="font-size:11px"&gt;&lt;span style="color:#9900cc"&gt;Plugin: &lt;/span&gt;&lt;span style="color:#f16f72"&gt;A plugin that give or enable feature for popular CMS like Wordpress, Joomla and many more. These plugin use Js file which load slow and that slower your site. You may disable your unused plugin but it is still on your site. So disabling plugin can&amp;rsquo;t load your site faster, for that you have to delete these plugin and your site will be faster than before.&lt;/span&gt;&lt;/span&gt;&lt;/span&gt;&lt;/h1&gt;&#13;
	&lt;/li&gt;&#13;
&lt;/ol&gt;&#13;
&#13;
&lt;h1&gt; &lt;/h1&gt;&#13;
&#13;
&lt;ol&gt;&#13;
	&lt;li style="text-align:justify"&gt;&#13;
	&lt;h1&gt;&lt;span style="font-family:Courier New,Courier,monospace"&gt;&lt;span style="font-size:11px"&gt;&lt;span style="color:#9900cc"&gt;HTTP request: &lt;/span&gt;&lt;span style="color:#f16f72"&gt;Every time when a visitor visits your website then they request the server for the file which contains contents. These files might include html, css, js or another language. This request is called http request. HTTP stands for the hypertext transfer protocol. When a browser receives an http request from user&amp;rsquo;s browser then your server respond by sending the required files. It is possible to reduce HTTP request that faster your site cause, more request more response slow a site.&lt;/span&gt;&lt;/span&gt;&lt;/span&gt;&lt;/h1&gt;&#13;
	&lt;/li&gt;&#13;
&lt;/ol&gt;&#13;
&#13;
&lt;p&gt; &lt;/p&gt;&#13;
&#13;
&lt;ul style="list-style-type:circle"&gt;&#13;
	&lt;li style="text-align:justify"&gt;&lt;span style="font-family:Courier New,Courier,monospace"&gt;&lt;span style="font-size:11px"&gt;&lt;span style="color:#50bc98"&gt;Fix Render- Blocking CSS and JAVASCRIPTS&lt;/span&gt;&lt;/span&gt;&lt;/span&gt;&lt;/li&gt;&#13;
	&lt;li style="text-align:justify"&gt;&lt;span style="font-family:Courier New,Courier,monospace"&gt;&lt;span style="font-size:11px"&gt;&lt;span style="color:#50bc98"&gt;Evaluating and Reducing External Scripts&lt;/span&gt;&lt;/span&gt;&lt;/span&gt;&lt;/li&gt;&#13;
	&lt;li style="text-align:justify"&gt;&lt;span style="font-family:Courier New,Courier,monospace"&gt;&lt;span style="font-size:11px"&gt;&lt;span style="color:#50bc98"&gt;Deleting and Optimizing images&lt;/span&gt;&lt;/span&gt;&lt;/span&gt;&lt;/li&gt;&#13;
	&lt;li style="text-align:justify"&gt;&lt;span style="font-family:Courier New,Courier,monospace"&gt;&lt;span style="font-size:11px"&gt;&lt;span style="color:#50bc98"&gt;Minifying and Combining HTML, CSS, JS File&lt;/span&gt;&lt;/span&gt;&lt;/span&gt;&lt;/li&gt;&#13;
&lt;/ul&gt;&#13;
</description><images>4373833</images></listing></listings>
