<?xml version="1.0" encoding="UTF-8"?>
<project xmlns="http://www.netbeans.org/ns/project/1">
    <type>org.netbeans.modules.php.project</type>
    <configuration>
        <data xmlns="http://www.netbeans.org/ns/php-project/1">
            <name>PhpProject1</name>
        </data>
        <spellchecker-wordlist xmlns="http://www.netbeans.org/ns/spellchecker-wordlist/1">
            <word>Allowoverride</word>
            <word>Chattogr</word>
            <word>sitemap</word>
            <word>sitemapview</word>
            <word>uuuu</word>
        </spellchecker-wordlist>
    </configuration>
</project>
